{"mean": [322.31578553165474, 50.164262994515674, 14.958274462509957, 66.29108998943916, 999.6845570425652], "scale": [16.69506753437685, 23.10057930585489, 8.650318734289888, 20.044427839610112, 578.1535831112632]}