{"mean": [115.04819476121455, 11.914963985507052, 2.922984408463526, 0.6549204280986455, 0.6566424979991732], "scale": [33.87316570258699, 6.92976275831913, 1.390396862671492, 0.22569031463744837, 0.2269843076182943]}