{"mean": [67.51242714786524, 3499.189946547079, 8.49821839330231, 3.7480160365229436, 337.8560456789635], "scale": [54.0224766614771, 2553.636690976446, 4.231442617116958, 2.6703293951772684, 284.00897910993694]}