{"mean": [28.099790172111696, 85.2659672834815, 56.89238893113485, 11.65121358622794, 1.0770983743014186], "scale": [1.5478943070597109, 23.73140237814012, 17.83368554645948, 6.920588414477701, 0.6619977483862625]}