{"mean": [89.19475329322346, 0.5643409470065186, 2.8540210326512656, 0.59507622837724, 0.6169714485481381], "scale": [51.49552824123409, 0.26761697780520166, 1.1278017535235731, 0.26934602371599126, 0.20115437524890006]}