{"mean": [1.1436313095071916e+16, 29.970300969659455, 373.41768829811366, 20.660529074794095, 7.30546209305001], "scale": [8760201344428622.0, 19.49496630393187, 230.8612631900541, 11.141920492017078, 4.746242760097125]}